{
  "project_info": {
    "project_number": "166447016267",
    "firebase_url": "https://notify-app-7dc5b.firebaseio.com",
    "project_id": "notify-app-7dc5b",
    "storage_bucket": "notify-app-7dc5b.appspot.com"
  },
  "client": [
    {
      "client_info": {
        "mobilesdk_app_id": "1:166447016267:android:91298b241cfd380c",
        "android_client_info": {
          "package_name": "com.example.youknowme.myapplication"
        }
      },
      "oauth_client": [
        {
          "client_id": "166447016267-df2um03eoi723nddpab3e5gub6mg1qrr.apps.googleusercontent.com",
          "client_type": 3
        }
      ],
      "api_key": [
        {
          "current_key": "AIzaSyDapzq-KROd6mB432JYRv9X9P9ddUkFKZ0"
        }
      ],
      "services": {
        "analytics_service": {
          "status": 1
        },
        "appinvite_service": {
          "status": 1,
          "other_platform_oauth_client": []
        },
        "ads_service": {
          "status": 2
        }
      }
    }
  ],
  "configuration_version": "1"
}